skill,count,score_average
A,10,6.3
B,10,6.1
D,10,6.2
E,10,6.625
F,10,7.8
G,10,6.1
K,10,6.3
M,20,6.2
N,10,6.222222222222222
S,9,6.788888888888889
